id;nom;prenom;email;phone_number
1;Buckinghamshire payment Handcrafted;even-keeled;Michal_Garcia@gmail.com;blue Synchronised Gorgeous
2;Avon;a Shoes schemas;Geoffroy76@yahoo.fr;utilisation
3;Baby Exclusive;Ergonomic;Henri.Renault85@hotmail.fr;Gorgeous Automated New
4;Limousin Rubber;Small b Borders;Ariste41@hotmail.fr;cross-platform
5;bypass Sausages;Specialiste;Octave_Benoit88@gmail.com;Fantastic
6;Frozen;des calculate and;lose28@hotmail.fr;infrastructures
7;infomediaries 1080p global;Concrete;Azeline_Girard@hotmail.fr;a Account Analyste
8;plum value-added deposit;Granite;Stphane26@hotmail.fr;Monitored c
9;cutting-edge;Specialiste;Alliaume13@yahoo.fr;de
10;synergies Profound;action-items invoice;Pierre.Marty40@hotmail.fr;Pizza Plastic
