id;nom;prenom;city
1;Investment Visionary;Buckinghamshire;Saint-Étienne
2;Bolivar SQL;Franche-Comté Bedfordshire;Foulqueshaven
3;Poitou-Charentes;SMTPX;Nancy
4;Bedfordshire;quantify;Marchandmouth
5;content;Aquitaine;East Fabrice
6;du productize;cross-platform Iceland b;Guillotmouth
7;Peso enable des;THXXX;North Gerberge
8;compressing deliverables Liban;bypassing Jewelery;East Aliceport
9;Ingenieur Avon a;backing digital b;Issy-les-Moulineaux
10;motivating vortals navigating;Concrete Up-sized;Noisy-le-Grand
